_c0,signal_std,signal_rad,pluie
2022-12-02T23:19:00.000+01:00,-19.942898,-31.127556,0
2022-12-02T23:20:00.000+01:00,-19.974857,-31.119743,0
2022-12-02T23:21:00.000+01:00,-19.994034,-31.130398,0
2022-12-02T23:22:00.000+01:00,-19.975567,-31.126137,0
2022-12-02T23:23:00.000+01:00,-19.944317,-31.131107,0
2022-12-02T23:24:00.000+01:00,-19.965626,-31.122585,0
2022-12-02T23:25:00.000+01:00,-19.939346,-31.127556,0
2022-12-02T23:26:00.000+01:00,-19.959232,-31.124006,0
2022-12-02T23:27:00.000+01:00,-19.95284,-31.123295,0
2022-12-02T23:28:00.000+01:00,-19.991903,-31.118324,0
2022-12-02T23:29:00.000+01:00,-19.965626,-31.121876,0
2022-12-02T23:30:00.000+01:00,-19.963493,-31.126137,0
2022-12-02T23:31:00.000+01:00,-19.947868,-31.126846,0
2022-12-02T23:32:00.000+01:00,-19.979118,-31.116905,0
2022-12-02T23:33:00.000+01:00,-19.954262,-31.124004,0
2022-12-02T23:34:00.000+01:00,-19.968466,-31.122585,0
2022-12-02T23:35:00.000+01:00,-19.963493,-31.128979,0
2022-12-02T23:36:00.000+01:00,-19.958523,-31.119743,0
2022-12-02T23:37:00.000+01:00,-19.967756,-31.112642,0
2022-12-02T23:38:00.000+01:00,-19.969177,-31.11193,0
2022-12-02T23:39:00.000+01:00,-19.98693,-31.116903,0
2022-12-02T23:40:00.000+01:00,-19.949291,-31.119034,0
2022-12-02T23:41:00.000+01:00,-19.969887,-31.123295,0
2022-12-02T23:42:00.000+01:00,-19.954971,-31.124716,0
2022-12-02T23:43:00.000+01:00,-19.963493,-31.10696,0
2022-12-02T23:44:00.000+01:00,-19.962074,-31.112642,0
2022-12-02T23:45:00.000+01:00,-19.984802,-31.114063,0
2022-12-02T23:46:00.000+01:00,-19.954262,-31.121164,0
2022-12-02T23:47:00.000+01:00,-19.947159,-31.114063,0
2022-12-02T23:48:00.000+01:00,-19.94574,-31.119743,0
2022-12-02T23:49:00.000+01:00,-19.86193,-31.110512,0
2022-12-02T23:50:00.000+01:00,-19.913778,-31.10625,0
2022-12-02T23:51:00.000+01:00,-19.925142,-31.10767,0
2022-12-02T23:52:00.000+01:00,-19.925852,-31.10483,0
2022-12-02T23:53:00.000+01:00,-19.928694,-31.089916,0
2022-12-02T23:54:00.000+01:00,-19.959942,-31.100567,0
2022-12-02T23:55:00.000+01:00,-19.945028,-31.10483,0
2022-12-02T23:56:00.000+01:00,-19.92443,-31.097017,0
2022-12-02T23:57:00.000+01:00,-19.923012,-31.10696,0
2022-12-02T23:58:00.000+01:00,-19.98409,-31.098438,0
2022-12-02T23:59:00.000+01:00,-19.95568,-31.087074,0
2022-12-03T00:00:00.000+01:00,-19.91378,-31.084232,0
2022-12-03T00:01:00.000+01:00,-19.962784,-31.083523,0
2022-12-03T00:02:00.000+01:00,-19.949291,-31.082813,0
2022-12-03T00:03:00.000+01:00,-19.970596,-31.085655,0
2022-12-03T00:04:00.000+01:00,-19.943607,-31.101278,0
2022-12-03T00:05:00.000+01:00,-19.927273,-31.084944,0
2022-12-03T00:06:00.000+01:00,-19.940056,-31.08068,0
2022-12-03T00:07:00.000+01:00,-19.937216,-31.065767,0
2022-12-03T00:08:00.000+01:00,-19.95071,-31.079262,0
2022-12-03T00:09:00.000+01:00,-19.959942,-31.079262,0
2022-12-03T00:10:00.000+01:00,-19.947159,-31.088493,0
2022-12-03T00:11:00.000+01:00,-19.957104,-31.094887,0
2022-12-03T00:12:00.000+01:00,-19.937216,-31.085653,0
2022-12-03T00:13:00.000+01:00,-19.942188,-31.092045,0
2022-12-03T00:14:00.000+01:00,-19.896023,-31.085653,0
2022-12-03T00:15:00.000+01:00,-19.91733,-31.084942,0
2022-12-03T00:16:00.000+01:00,-19.942898,-31.096306,0
2022-12-03T00:17:00.000+01:00,-19.927982,-31.07713,0
2022-12-03T00:18:00.000+01:00,-19.971306,-31.08068,0
2022-12-03T00:19:00.000+01:00,-19.945028,-31.07003,0
2022-12-03T00:20:00.000+01:00,-19.937925,-31.092045,0
2022-12-03T00:21:00.000+01:00,-19.940058,-31.093468,0
2022-12-03T00:22:00.000+01:00,-19.928694,-31.094887,0
2022-12-03T00:23:00.000+01:00,-19.925142,-31.087784,0
2022-12-03T00:24:00.000+01:00,-19.954262,-31.090626,0
2022-12-03T00:25:00.000+01:00,-19.95142,-31.094887,0
2022-12-03T00:26:00.000+01:00,-19.95568,-31.085653,0
2022-12-03T00:27:00.000+01:00,-19.900993,-31.062216,0
2022-12-03T00:28:00.000+01:00,-19.959944,-31.060085,1
2022-12-03T00:29:00.000+01:00,-20.001846,-31.038069,1
2022-12-03T00:30:00.000+01:00,-19.999716,-31.035227,0
2022-12-03T00:31:00.000+01:00,-19.991903,-31.031677,0
2022-12-03T00:32:00.000+01:00,-19.973438,-31.025993,0
2022-12-03T00:33:00.000+01:00,-19.969887,-31.035227,0
2022-12-03T00:34:00.000+01:00,-19.987642,-31.033096,1
2022-12-03T00:35:00.000+01:00,-19.929405,-31.01889,1
2022-12-03T00:36:00.000+01:00,-20.01534,-31.016052,1
2022-12-03T00:37:00.000+01:00,-20.025995,-31.0125,1
2022-12-03T00:38:00.000+01:00,-19.98693,-31.005398,1
2022-12-03T00:39:00.000+01:00,-20.017471,-30.995455,1
2022-12-03T00:40:00.000+01:00,-20.0125,-30.971306,1
2022-12-03T00:41:00.000+01:00,-20.066479,-30.92159,1
2022-12-03T00:42:00.000+01:00,-20.031677,-30.903835,1
2022-12-03T00:43:00.000+01:00,-20.072159,-30.900284,1
2022-12-03T00:44:00.000+01:00,-20.067188,-30.925852,1
2022-12-03T00:45:00.000+01:00,-20.023153,-30.974148,1
2022-12-03T00:46:00.000+01:00,-19.94645,-31.01108,1
2022-12-03T00:47:00.000+01:00,-19.947868,-31.011791,1
2022-12-03T00:48:00.000+01:00,-20.022444,-31.021732,1
2022-12-03T00:49:00.000+01:00,-19.88395,-31.028126,0
2022-12-03T00:50:00.000+01:00,-19.954971,-31.025284,0
2022-12-03T00:51:00.000+01:00,-19.989773,-31.01534,0
2022-12-03T00:52:00.000+01:00,-19.969177,-31.024574,0
2022-12-03T00:53:00.000+01:00,-19.97699,-31.020313,0
2022-12-03T00:54:00.000+01:00,-20.023155,-30.98267,0
2022-12-03T00:55:00.000+01:00,-19.98409,-30.964203,0
2022-12-03T00:56:00.000+01:00,-19.991903,-30.988354,0
2022-12-03T00:57:00.000+01:00,-19.974148,-30.98409,0
2022-12-03T00:58:00.000+01:00,-19.897444,-30.992613,0
2022-12-03T00:59:00.000+01:00,-19.994034,-30.998295,0
2022-12-03T01:00:00.000+01:00,-19.988354,-31.00824,0
2022-12-03T01:01:00.000+01:00,-19.947159,-30.992615,0
2022-12-03T01:02:00.000+01:00,-19.991194,-31.006107,0
2022-12-03T01:03:00.000+01:00,-19.965626,-30.974148,0
2022-12-03T01:04:00.000+01:00,-19.912357,-30.927982,0
2022-12-03T01:05:00.000+01:00,-19.867615,-30.910229,0
2022-12-03T01:06:00.000+01:00,-19.874004,-30.909515,0
2022-12-03T01:07:00.000+01:00,-19.874716,-30.897442,0
2022-12-03T01:08:00.000+01:00,-19.940765,-30.903835,0
2022-12-03T01:09:00.000+01:00,-19.905256,-30.908806,0
2022-12-03T01:10:00.000+01:00,-19.881817,-30.905966,0
2022-12-03T01:11:00.000+01:00,-19.913778,-30.912357,0
2022-12-03T01:12:00.000+01:00,-19.900993,-30.923721,0
2022-12-03T01:13:00.000+01:00,-19.892471,-30.905968,0
2022-12-03T01:14:00.000+01:00,-19.855541,-30.905256,0
2022-12-03T01:15:00.000+01:00,-19.8875,-30.92159,0
2022-12-03T01:16:00.000+01:00,-19.835653,-30.927982,0
2022-12-03T01:17:00.000+01:00,-19.902416,-30.920881,0
2022-12-03T01:18:00.000+01:00,-19.908096,-30.91875,0
2022-12-03T01:19:00.000+01:00,-19.91449,-30.907387,0
2022-12-03T01:20:00.000+01:00,-19.842754,-30.909517,0
2022-12-03T01:21:00.000+01:00,-19.842756,-30.909517,0
2022-12-03T01:22:00.000+01:00,-19.866192,-30.901703,0
2022-12-03T01:23:00.000+01:00,-19.874716,-30.906677,0
2022-12-03T01:24:00.000+01:00,-19.859802,-30.91449,0
2022-12-03T01:25:00.000+01:00,-19.885368,-30.915909,0
2022-12-03T01:26:00.000+01:00,-19.836365,-30.916618,0
2022-12-03T01:27:00.000+01:00,-19.879688,-30.927273,0
2022-12-03T01:28:00.000+01:00,-19.860512,-30.925854,0
2022-12-03T01:29:00.000+01:00,-19.894602,-30.925142,0
2022-12-03T01:30:00.000+01:00,-19.902416,-30.928694,0
2022-12-03T01:31:00.000+01:00,-19.843468,-30.937925,0
2022-12-03T01:32:00.000+01:00,-19.861221,-30.939346,0
2022-12-03T01:33:00.000+01:00,-19.8527,-30.945028,0
2022-12-03T01:34:00.000+01:00,-19.865482,-30.927982,0
2022-12-03T01:35:00.000+01:00,-19.864773,-30.926563,0
2022-12-03T01:36:00.000+01:00,-19.848438,-30.944319,0
2022-12-03T01:37:00.000+01:00,-19.884659,-30.937927,0
2022-12-03T01:38:00.000+01:00,-19.88395,-30.942898,0
2022-12-03T01:39:00.000+01:00,-19.870453,-30.941479,0
2022-12-03T01:40:00.000+01:00,-19.839916,-30.939346,0
2022-12-03T01:41:00.000+01:00,-19.842756,-30.935085,0
2022-12-03T01:42:00.000+01:00,-19.86264,-30.939346,0
2022-12-03T01:43:00.000+01:00,-19.85767,-30.942188,0
2022-12-03T01:44:00.000+01:00,-19.863352,-30.932955,0
2022-12-03T01:45:00.000+01:00,-19.847729,-30.941479,0
2022-12-03T01:46:00.000+01:00,-19.900993,-30.932955,0
2022-12-03T01:47:00.000+01:00,-19.85199,-30.945738,0
2022-12-03T01:48:00.000+01:00,-19.88679,-30.937927,0
2022-12-03T01:49:00.000+01:00,-19.83068,-30.929403,0
2022-12-03T01:50:00.000+01:00,-19.85767,-30.932955,0
2022-12-03T01:51:00.000+01:00,-19.882528,-30.936506,0
2022-12-03T01:52:00.000+01:00,-19.86193,-30.931534,0
2022-12-03T01:53:00.000+01:00,-19.88395,-30.940767,0
2022-12-03T01:54:00.000+01:00,-19.884659,-30.937216,0
2022-12-03T01:55:00.000+01:00,-19.881107,-30.942898,0
2022-12-03T01:56:00.000+01:00,-19.877556,-30.934376,0
2022-12-03T01:57:00.000+01:00,-19.864063,-30.942898,0
2022-12-03T01:58:00.000+01:00,-19.895313,-30.921593,0
2022-12-03T01:59:00.000+01:00,-19.855541,-30.91804,0
2022-12-03T02:00:00.000+01:00,-19.899574,-30.922302,0
2022-12-03T02:01:00.000+01:00,-19.877556,-30.935085,0
2022-12-03T02:02:00.000+01:00,-19.869743,-30.937927,0
2022-12-03T02:03:00.000+01:00,-19.865482,-30.930824,0
2022-12-03T02:04:00.000+01:00,-19.873295,-30.934376,0
2022-12-03T02:05:00.000+01:00,-19.864773,-30.939346,0
2022-12-03T02:06:00.000+01:00,-19.896023,-30.935085,0
2022-12-03T02:07:00.000+01:00,-19.867615,-30.927982,0
2022-12-03T02:08:00.000+01:00,-19.898863,-30.91449,0
2022-12-03T02:09:00.000+01:00,-19.870455,-30.91946,0
2022-12-03T02:10:00.000+01:00,-19.927273,-30.931534,0
2022-12-03T02:11:00.000+01:00,-19.9152,-30.930115,0
2022-12-03T02:12:00.000+01:00,-19.937216,-30.947159,0
2022-12-03T02:13:00.000+01:00,-19.962074,-30.972017,0
2022-12-03T02:14:00.000+01:00,-19.95,-30.98125,0
2022-12-03T02:15:00.000+01:00,-19.966335,-31.002556,0
2022-12-03T02:16:00.000+01:00,-19.937216,-31.003977,0
2022-12-03T02:17:00.000+01:00,-19.92017,-31.01179,0
2022-12-03T02:18:00.000+01:00,-19.942898,-31.006107,0
2022-12-03T02:19:00.000+01:00,-19.91946,-31.005398,0
2022-12-03T02:20:00.000+01:00,-19.913778,-31.000427,0
2022-12-03T02:21:00.000+01:00,-19.95142,-30.996164,0
2022-12-03T02:22:00.000+01:00,-19.959942,-31.003267,0
2022-12-03T02:23:00.000+01:00,-19.958523,-31.00824,0
2022-12-03T02:24:00.000+01:00,-19.95071,-31.01818,0
2022-12-03T02:25:00.000+01:00,-19.91946,-31.01463,0
2022-12-03T02:26:00.000+01:00,-19.958523,-31.00895,0
2022-12-03T02:27:00.000+01:00,-19.947159,-31.0125,0
2022-12-03T02:28:00.000+01:00,-19.94645,-31.009659,0
2022-12-03T02:29:00.000+01:00,-19.927273,-31.007528,0
2022-12-03T02:30:00.000+01:00,-19.906677,-31.01108,0
2022-12-03T02:31:00.000+01:00,-19.905966,-31.007528,0
2022-12-03T02:32:00.000+01:00,-19.903835,-31.009659,0
2022-12-03T02:33:00.000+01:00,-19.931534,-31.019604,0
2022-12-03T02:34:00.000+01:00,-19.938637,-31.01392,0
2022-12-03T02:35:00.000+01:00,-19.91946,-31.009659,0
2022-12-03T02:36:00.000+01:00,-19.894602,-31.026703,0
2022-12-03T02:37:00.000+01:00,-19.922302,-31.01818,0
2022-12-03T02:38:00.000+01:00,-19.909517,-31.016762,0
2022-12-03T02:39:00.000+01:00,-19.930115,-31.016762,0
2022-12-03T02:40:00.000+01:00,-19.908096,-31.01534,0
2022-12-03T02:41:00.000+01:00,-19.901705,-31.01534,0
2022-12-03T02:42:00.000+01:00,-19.930824,-31.033096,0
2022-12-03T02:43:00.000+01:00,-19.957104,-31.01818,0
2022-12-03T02:44:00.000+01:00,-19.932955,-31.021023,0
2022-12-03T02:45:00.000+01:00,-19.933664,-31.006817,0
2022-12-03T02:46:00.000+01:00,-19.947159,-31.016052,0
2022-12-03T02:47:00.000+01:00,-19.910938,-31.011791,0
2022-12-03T02:48:00.000+01:00,-19.915909,-31.01392,0
2022-12-03T02:49:00.000+01:00,-19.94929,-31.014631,0
2022-12-03T02:50:00.000+01:00,-19.928694,-31.01818,0
2022-12-03T02:51:00.000+01:00,-19.905966,-31.006817,0
2022-12-03T02:52:00.000+01:00,-19.942898,-31.010368,0
2022-12-03T02:53:00.000+01:00,-19.944317,-31.016052,0
2022-12-03T02:54:00.000+01:00,-19.92443,-31.01179,0
2022-12-03T02:55:00.000+01:00,-19.95071,-31.01108,0
2022-12-03T02:56:00.000+01:00,-19.896732,-31.00753,0
2022-12-03T02:57:00.000+01:00,-19.95142,-31.01534,0
2022-12-03T02:58:00.000+01:00,-19.908096,-31.011791,0
2022-12-03T02:59:00.000+01:00,-19.89034,-30.999716,0
2022-12-03T03:00:00.000+01:00,-19.923721,-30.992615,0
2022-12-03T03:01:00.000+01:00,-19.907387,-31.003979,0
2022-12-03T03:02:00.000+01:00,-19.932243,-30.991905,0
2022-12-03T03:03:00.000+01:00,-19.931534,-30.999004,0
2022-12-03T03:04:00.000+01:00,-19.92443,-31.00895,0
2022-12-03T03:05:00.000+01:00,-19.903835,-30.999716,0
2022-12-03T03:06:00.000+01:00,-19.89318,-31.003267,0
2022-12-03T03:07:00.000+01:00,-19.933664,-30.992615,0
2022-12-03T03:08:00.000+01:00,-19.899574,-30.993324,0
2022-12-03T03:09:00.000+01:00,-19.92088,-30.991903,0
2022-12-03T03:10:00.000+01:00,-19.95284,-31.003979,0
2022-12-03T03:11:00.000+01:00,-19.947159,-30.999004,0
2022-12-03T03:12:00.000+01:00,-19.932243,-31.00824,0
2022-12-03T03:13:00.000+01:00,-19.95568,-31.001846,0
2022-12-03T03:14:00.000+01:00,-19.923012,-31.002558,0
2022-12-03T03:15:00.000+01:00,-19.944317,-30.993324,0
2022-12-03T03:16:00.000+01:00,-19.91449,-30.994034,0
2022-12-03T03:17:00.000+01:00,-19.933666,-30.992615,0
2022-12-03T03:18:00.000+01:00,-19.929403,-30.995455,0
2022-12-03T03:19:00.000+01:00,-19.91875,-30.994034,0
2022-12-03T03:20:00.000+01:00,-19.985512,-30.994034,0
2022-12-03T03:21:00.000+01:00,-19.944317,-30.990482,0
2022-12-03T03:22:00.000+01:00,-19.911648,-30.999716,0
2022-12-03T03:23:00.000+01:00,-19.923721,-30.998295,0
2022-12-03T03:24:00.000+01:00,-19.940056,-30.995453,0
2022-12-03T03:25:00.000+01:00,-19.94574,-30.996876,0
2022-12-03T03:26:00.000+01:00,-19.864773,-30.98125,0
2022-12-03T03:27:00.000+01:00,-20.010368,-30.993324,0
2022-12-03T03:28:00.000+01:00,-19.942898,-30.990482,0
2022-12-03T03:29:00.000+01:00,-19.947868,-30.986221,0
2022-12-03T03:30:00.000+01:00,-19.903835,-30.999716,0
2022-12-03T03:31:00.000+01:00,-19.996166,-30.996166,0
2022-12-03T03:32:00.000+01:00,-19.969887,-31.007528,0
2022-12-03T03:33:00.000+01:00,-19.94503,-31.005398,0
2022-12-03T03:34:00.000+01:00,-19.957813,-30.997585,0
2022-12-03T03:35:00.000+01:00,-19.957813,-31.006107,0
2022-12-03T03:36:00.000+01:00,-19.970596,-31.00824,0
2022-12-03T03:37:00.000+01:00,-19.942188,-31.003267,0
2022-12-03T03:38:00.000+01:00,-19.95284,-30.999718,0
2022-12-03T03:39:00.000+01:00,-19.974857,-31.000427,0
2022-12-03T03:40:00.000+01:00,-19.929403,-30.999716,0
2022-12-03T03:41:00.000+01:00,-19.935795,-30.992613,0
2022-12-03T03:42:00.000+01:00,-19.954262,-30.993324,0
2022-12-03T03:43:00.000+01:00,-19.94574,-30.986221,0
2022-12-03T03:44:00.000+01:00,-19.954971,-30.990482,0
2022-12-03T03:45:00.000+01:00,-19.967045,-30.989773,0
2022-12-03T03:46:00.000+01:00,-19.95,-30.983381,0
2022-12-03T03:47:00.000+01:00,-19.930115,-30.976278,0
2022-12-03T03:48:00.000+01:00,-19.969177,-30.98409,0
2022-12-03T03:49:00.000+01:00,-19.944317,-30.98196,0
2022-12-03T03:50:00.000+01:00,-19.968466,-30.988354,0
2022-12-03T03:51:00.000+01:00,-19.970596,-30.986221,0
2022-12-03T03:52:00.000+01:00,-19.974148,-30.98409,0
2022-12-03T03:53:00.000+01:00,-19.959232,-30.986221,0
2022-12-03T03:54:00.000+01:00,-19.991905,-30.98054,0
2022-12-03T03:55:00.000+01:00,-19.98267,-30.98267,0
2022-12-03T03:56:00.000+01:00,-19.976278,-30.990482,0
2022-12-03T03:57:00.000+01:00,-19.95568,-30.991192,0
2022-12-03T03:58:00.000+01:00,-19.971306,-30.98267,0
2022-12-03T03:59:00.000+01:00,-19.937216,-30.988354,0
2022-12-03T04:00:00.000+01:00,-19.974148,-30.988354,0
2022-12-03T04:01:00.000+01:00,-19.963493,-30.986221,0
2022-12-03T04:02:00.000+01:00,-19.965626,-30.980541,0
2022-12-03T04:03:00.000+01:00,-19.970596,-30.98267,0
2022-12-03T04:04:00.000+01:00,-19.964205,-30.980541,0
2022-12-03T04:05:00.000+01:00,-19.993324,-30.989063,0
2022-12-03T04:06:00.000+01:00,-19.979118,-30.983381,0
2022-12-03T04:07:00.000+01:00,-19.984093,-30.994743,0
2022-12-03T04:08:00.000+01:00,-19.974857,-30.98267,0
2022-12-03T04:09:00.000+01:00,-19.998295,-30.976278,0
2022-12-03T04:10:00.000+01:00,-19.98267,-30.986221,0
2022-12-03T04:11:00.000+01:00,-19.984802,-30.987642,0
2022-12-03T04:12:00.000+01:00,-19.964914,-30.985512,0
2022-12-03T04:13:00.000+01:00,-19.98338,-30.987642,0
2022-12-03T04:14:00.000+01:00,-19.970596,-30.996164,0
2022-12-03T04:15:00.000+01:00,-19.970596,-30.98267,0
2022-12-03T04:16:00.000+01:00,-19.95071,-30.98338,0
2022-12-03T04:17:00.000+01:00,-19.959944,-30.979118,0
2022-12-03T04:18:00.000+01:00,-19.947159,-30.98196,0
2022-12-03T04:19:00.000+01:00,-19.986221,-30.988354,0
2022-12-03T04:20:00.000+01:00,-19.966335,-30.985512,0
2022-12-03T04:21:00.000+01:00,-19.98267,-30.976278,0
2022-12-03T04:22:00.000+01:00,-19.976278,-30.98409,0
2022-12-03T04:23:00.000+01:00,-19.989063,-30.984802,0
2022-12-03T04:24:00.000+01:00,-19.954971,-30.98338,0
2022-12-03T04:25:00.000+01:00,-19.999006,-30.973438,0
2022-12-03T04:26:00.000+01:00,-19.994743,-30.972729,0
2022-12-03T04:27:00.000+01:00,-19.98196,-30.972017,0
2022-12-03T04:28:00.000+01:00,-19.987642,-30.968466,0
2022-12-03T04:29:00.000+01:00,-19.9777,-30.974148,0
2022-12-03T04:30:00.000+01:00,-19.985512,-30.967756,0
2022-12-03T04:31:00.000+01:00,-19.974857,-30.970596,0
2022-12-03T04:32:00.000+01:00,-19.994743,-30.98125,0
2022-12-03T04:33:00.000+01:00,-19.989773,-30.975569,0
2022-12-03T04:34:00.000+01:00,-19.963493,-30.972729,0
2022-12-03T04:35:00.000+01:00,-19.964205,-30.969887,0
2022-12-03T04:36:00.000+01:00,-19.986221,-30.9777,0
2022-12-03T04:37:00.000+01:00,-19.98125,-30.979118,0
2022-12-03T04:38:00.000+01:00,-19.997585,-30.967045,0
2022-12-03T04:39:00.000+01:00,-19.973438,-30.972015,0
2022-12-03T04:40:00.000+01:00,-19.991903,-30.967754,0
2022-12-03T04:41:00.000+01:00,-19.994034,-30.964916,0
2022-12-03T04:42:00.000+01:00,-19.998295,-30.971306,0
2022-12-03T04:43:00.000+01:00,-20.005398,-30.960653,0
2022-12-03T04:44:00.000+01:00,-20.04943,-30.969887,0
2022-12-03T04:45:00.000+01:00,-19.98125,-30.964914,0
2022-12-03T04:46:00.000+01:00,-19.972017,-30.9777,0
2022-12-03T04:47:00.000+01:00,-20.000427,-30.976278,0
2022-12-03T04:48:00.000+01:00,-19.987642,-30.967754,0
2022-12-03T04:49:00.000+01:00,-20.026705,-30.968466,0
2022-12-03T04:50:00.000+01:00,-19.996876,-30.97983,0
2022-12-03T04:51:00.000+01:00,-20.004688,-30.954971,0
2022-12-03T04:52:00.000+01:00,-19.991903,-30.961365,0
2022-12-03T04:53:00.000+01:00,-20.000427,-30.967756,0
2022-12-03T04:54:00.000+01:00,-19.989063,-30.97699,0
2022-12-03T04:55:00.000+01:00,-19.999716,-30.958523,0
2022-12-03T04:56:00.000+01:00,-20.003979,-30.963493,0
2022-12-03T04:57:00.000+01:00,-20.021732,-30.970596,0
2022-12-03T04:58:00.000+01:00,-20.003267,-30.959942,0
2022-12-03T04:59:00.000+01:00,-19.999004,-30.967754,0
2022-12-03T05:00:00.000+01:00,-20.025993,-30.957813,0
2022-12-03T05:01:00.000+01:00,-20.048012,-30.964205,0
2022-12-03T05:02:00.000+01:00,-20.01392,-30.961365,0
2022-12-03T05:03:00.000+01:00,-19.998295,-30.956392,0
2022-12-03T05:04:00.000+01:00,-20.000427,-30.969177,0
2022-12-03T05:05:00.000+01:00,-20.01108,-30.967754,0
2022-12-03T05:06:00.000+01:00,-20.01818,-30.958523,0
2022-12-03T05:07:00.000+01:00,-20.019602,-30.959232,0
2022-12-03T05:08:00.000+01:00,-20.011078,-30.967756,0
2022-12-03T05:09:00.000+01:00,-20.034517,-30.962074,0
2022-12-03T05:10:00.000+01:00,-20.006819,-30.956392,0
2022-12-03T05:11:00.000+01:00,-19.995455,-30.958523,0
2022-12-03T05:12:00.000+01:00,-20.01108,-30.960653,0
2022-12-03T05:13:00.000+01:00,-20.060085,-30.959232,0
2022-12-03T05:14:00.000+01:00,-20.009659,-30.960653,0
2022-12-03T05:15:00.000+01:00,-20.014631,-30.964914,0
2022-12-03T05:16:00.000+01:00,-20.01321,-30.964203,0
2022-12-03T05:17:00.000+01:00,-20.062925,-30.956392,0
2022-12-03T05:18:00.000+01:00,-20.065056,-30.966335,0
2022-12-03T05:19:00.000+01:00,-20.0402,-30.964914,0
2022-12-03T05:20:00.000+01:00,-20.016762,-30.956392,0
2022-12-03T05:21:00.000+01:00,-20.050142,-30.960653,0
2022-12-03T05:22:00.000+01:00,-20.031677,-30.962784,0
2022-12-03T05:23:00.000+01:00,-20.04517,-30.964205,0
2022-12-03T05:24:00.000+01:00,-20.057243,-30.958523,0
2022-12-03T05:25:00.000+01:00,-20.064346,-30.94858,0
2022-12-03T05:26:00.000+01:00,-20.069317,-30.962074,0
2022-12-03T05:27:00.000+01:00,-20.028126,-30.949291,0
2022-12-03T05:28:00.000+01:00,-20.032387,-30.953552,0
2022-12-03T05:29:00.000+01:00,-20.048721,-30.964916,0
2022-12-03T05:30:00.000+01:00,-20.050142,-30.95568,0
2022-12-03T05:31:00.000+01:00,-20.027416,-30.95071,0
2022-12-03T05:32:00.000+01:00,-20.043041,-30.959942,0
2022-12-03T05:33:00.000+01:00,-20.056534,-30.961365,0
2022-12-03T05:34:00.000+01:00,-20.053692,-30.964205,0
2022-12-03T05:35:00.000+01:00,-20.0402,-30.961365,0
2022-12-03T05:36:00.000+01:00,-20.035938,-30.961365,0
2022-12-03T05:37:00.000+01:00,-20.025993,-30.964914,0
2022-12-03T05:38:00.000+01:00,-20.029545,-30.962784,0
2022-12-03T05:39:00.000+01:00,-20.04517,-30.95568,0
2022-12-03T05:40:00.000+01:00,-20.028126,-30.969177,0
2022-12-03T05:41:00.000+01:00,-20.030968,-30.960653,0
2022-12-03T05:42:00.000+01:00,-20.04446,-30.954971,0
2022-12-03T05:43:00.000+01:00,-20.03949,-30.962074,0
2022-12-03T05:44:00.000+01:00,-20.050854,-30.957104,0
2022-12-03T05:45:00.000+01:00,-20.026705,-30.967045,0
2022-12-03T05:46:00.000+01:00,-20.037357,-30.967045,0
2022-12-03T05:47:00.000+01:00,-20.031675,-30.961365,0
2022-12-03T05:48:00.000+01:00,-20.018892,-30.957813,0
2022-12-03T05:49:00.000+01:00,-20.037357,-30.958523,0
2022-12-03T05:50:00.000+01:00,-20.037357,-30.964916,0
2022-12-03T05:51:00.000+01:00,-20.052982,-30.967756,0
2022-12-03T05:52:00.000+01:00,-20.007528,-30.958523,0
2022-12-03T05:53:00.000+01:00,-20.018892,-30.966335,0
2022-12-03T05:54:00.000+01:00,-20.01818,-30.960653,0
2022-12-03T05:55:00.000+01:00,-20.033806,-30.964205,0
2022-12-03T05:56:00.000+01:00,-20.028126,-30.962784,0
2022-12-03T05:57:00.000+01:00,-20.024574,-30.958523,0
2022-12-03T05:58:00.000+01:00,-20.01818,-30.962074,0
2022-12-03T05:59:00.000+01:00,-20.004688,-30.958523,0
2022-12-03T06:00:00.000+01:00,-20.01818,-30.966335,0
2022-12-03T06:01:00.000+01:00,-20.03949,-30.958523,0
2022-12-03T06:02:00.000+01:00,-20.01534,-30.959944,0
2022-12-03T06:03:00.000+01:00,-20.029545,-30.962074,0
2022-12-03T06:04:00.000+01:00,-19.994034,-30.965626,0
2022-12-03T06:05:00.000+01:00,-20.004688,-30.964205,0
2022-12-03T06:06:00.000+01:00,-20.01321,-30.960655,0
2022-12-03T06:07:00.000+01:00,-20.030966,-30.969177,0
2022-12-03T06:08:00.000+01:00,-19.987642,-30.957104,0
2022-12-03T06:09:00.000+01:00,-20.027414,-30.964205,0
2022-12-03T06:10:00.000+01:00,-20.023153,-30.959232,0
2022-12-03T06:11:00.000+01:00,-20.009659,-30.955683,0
2022-12-03T06:12:00.000+01:00,-20.006817,-30.968466,0
2022-12-03T06:13:00.000+01:00,-20.00895,-30.964203,0
2022-12-03T06:14:00.000+01:00,-20.01179,-30.959944,0
2022-12-03T06:15:00.000+01:00,-20.019604,-30.971308,0
2022-12-03T06:16:00.000+01:00,-20.020313,-30.968466,0
2022-12-03T06:17:00.000+01:00,-20.029545,-30.971308,0
2022-12-03T06:18:00.000+01:00,-20.007528,-30.974857,0
2022-12-03T06:19:00.000+01:00,-19.989773,-30.968468,0
2022-12-03T06:20:00.000+01:00,-20.001846,-30.971306,0
2022-12-03T06:21:00.000+01:00,-20.00824,-30.964914,0
2022-12-03T06:22:00.000+01:00,-19.996876,-30.972727,0
2022-12-03T06:23:00.000+01:00,-20.0125,-30.970596,0
2022-12-03T06:24:00.000+01:00,-20.01108,-30.97699,0
2022-12-03T06:25:00.000+01:00,-20.014631,-30.969177,0
2022-12-03T06:26:00.000+01:00,-20.0402,-30.974148,0
2022-12-03T06:27:00.000+01:00,-20.009659,-30.974148,0
2022-12-03T06:28:00.000+01:00,-20.032387,-30.970596,0
2022-12-03T06:29:00.000+01:00,-20.033806,-30.974857,0
2022-12-03T06:30:00.000+01:00,-19.989063,-30.97699,0
2022-12-03T06:31:00.000+01:00,-20.000427,-30.969177,0
2022-12-03T06:32:00.000+01:00,-19.997585,-30.973438,0
2022-12-03T06:33:00.000+01:00,-20.030966,-30.979118,0
2022-12-03T06:34:00.000+01:00,-20.016052,-30.978409,0
2022-12-03T06:35:00.000+01:00,-20.01463,-30.990482,0
2022-12-03T06:36:00.000+01:00,-20.032387,-30.98409,0
2022-12-03T06:37:00.000+01:00,-20.040909,-30.97983,0
2022-12-03T06:38:00.000+01:00,-20.000427,-30.98125,0
2022-12-03T06:39:00.000+01:00,-20.04517,-30.98409,0
2022-12-03T06:40:00.000+01:00,-20.0125,-30.98338,0
2022-12-03T06:41:00.000+01:00,-20.029545,-30.979118,0
2022-12-03T06:42:00.000+01:00,-20.029545,-30.991903,0
2022-12-03T06:43:00.000+01:00,-20.021732,-30.986221,0
2022-12-03T06:44:00.000+01:00,-20.016052,-30.98338,0
2022-12-03T06:45:00.000+01:00,-20.035938,-30.978409,0
2022-12-03T06:46:00.000+01:00,-20.004688,-30.986221,0
2022-12-03T06:47:00.000+01:00,-20.000427,-30.989773,0
2022-12-03T06:48:00.000+01:00,-20.017471,-30.993324,0
2022-12-03T06:49:00.000+01:00,-20.066477,-30.991903,0
2022-12-03T06:50:00.000+01:00,-20.032387,-30.997585,0
2022-12-03T06:51:00.000+01:00,-20.0473,-30.993324,0
2022-12-03T06:52:00.000+01:00,-20.024574,-30.988352,0
2022-12-03T06:53:00.000+01:00,-20.022444,-30.994034,0
2022-12-03T06:54:00.000+01:00,-20.038067,-30.991903,0
2022-12-03T06:55:00.000+01:00,-20.030254,-31.004688,0
2022-12-03T06:56:00.000+01:00,-20.011791,-30.990482,0
2022-12-03T06:57:00.000+01:00,-20.030254,-30.990482,0
2022-12-03T06:58:00.000+01:00,-20.030966,-30.994034,0
2022-12-03T06:59:00.000+01:00,-20.009659,-31.005398,0
2022-12-03T07:00:00.000+01:00,-20.031675,-30.994743,0
2022-12-03T07:01:00.000+01:00,-20.01463,-30.98764,0
2022-12-03T07:02:00.000+01:00,-20.024574,-30.990482,0
2022-12-03T07:03:00.000+01:00,-20.008238,-30.999004,0
2022-12-03T07:04:00.000+01:00,-20.030254,-30.999004,0
2022-12-03T07:05:00.000+01:00,-20.030966,-31.007528,0
2022-12-03T07:06:00.000+01:00,-20.043041,-31.003979,0
2022-12-03T07:07:00.000+01:00,-20.034517,-30.997585,0
2022-12-03T07:08:00.000+01:00,-20.038069,-31.01037,0
2022-12-03T07:09:00.000+01:00,-20.030966,-31.006107,0
2022-12-03T07:10:00.000+01:00,-20.04517,-30.999716,0
2022-12-03T07:11:00.000+01:00,-20.025995,-30.997585,0
2022-12-03T07:12:00.000+01:00,-20.027414,-31.01321,0
2022-12-03T07:13:00.000+01:00,-20.020313,-31.016052,0
2022-12-03T07:14:00.000+01:00,-20.038778,-31.000427,0
2022-12-03T07:15:00.000+01:00,-20.023153,-31.009659,0
2022-12-03T07:16:00.000+01:00,-20.027416,-31.006819,0
2022-12-03T07:17:00.000+01:00,-19.991194,-31.016052,0
2022-12-03T07:18:00.000+01:00,-20.038069,-31.014631,0
2022-12-03T07:19:00.000+01:00,-20.040909,-31.022442,0
2022-12-03T07:20:00.000+01:00,-20.069317,-31.016762,0
2022-12-03T07:21:00.000+01:00,-20.032387,-31.01321,0
2022-12-03T07:22:00.000+01:00,-20.038778,-31.023153,0
2022-12-03T07:23:00.000+01:00,-20.035227,-31.010368,0
2022-12-03T07:24:00.000+01:00,-20.01321,-31.016762,0
2022-12-03T07:25:00.000+01:00,-20.04517,-31.021023,0
2022-12-03T07:26:00.000+01:00,-20.058666,-31.019604,0
2022-12-03T07:27:00.000+01:00,-20.028126,-31.014631,0
2022-12-03T07:28:00.000+01:00,-20.057955,-31.021023,0
2022-12-03T07:29:00.000+01:00,-20.037357,-31.021023,0
2022-12-03T07:30:00.000+01:00,-20.07074,-31.025993,0
2022-12-03T07:31:00.000+01:00,-20.048012,-31.025284,0
2022-12-03T07:32:00.000+01:00,-20.064346,-31.028126,0
2022-12-03T07:33:00.000+01:00,-20.062216,-31.025284,0
2022-12-03T07:34:00.000+01:00,-20.035229,-31.030254,0
2022-12-03T07:35:00.000+01:00,-20.114063,-31.025284,0
2022-12-03T07:36:00.000+01:00,-20.062927,-31.032387,0
2022-12-03T07:37:00.000+01:00,-20.07642,-31.025993,0
2022-12-03T07:38:00.000+01:00,-20.075,-31.029545,0
2022-12-03T07:39:00.000+01:00,-20.07784,-31.030968,0
2022-12-03T07:40:00.000+01:00,-20.123295,-31.030966,0
2022-12-03T07:41:00.000+01:00,-20.075,-31.040909,0
2022-12-03T07:42:00.000+01:00,-20.13892,-31.038069,0
2022-12-03T07:43:00.000+01:00,-20.10696,-31.043041,0
2022-12-03T07:44:00.000+01:00,-20.135368,-31.048721,0
2022-12-03T07:45:00.000+01:00,-20.13324,-31.052982,0
2022-12-03T07:46:00.000+01:00,-20.129688,-31.050852,0
2022-12-03T07:47:00.000+01:00,-20.13892,-31.051563,0
2022-12-03T07:48:00.000+01:00,-20.144604,-31.058666,0
2022-12-03T07:49:00.000+01:00,-20.158096,-31.059376,0
2022-12-03T07:50:00.000+01:00,-20.129688,-31.055115,0
2022-12-03T07:51:00.000+01:00,-20.141052,-31.060085,0
2022-12-03T07:52:00.000+01:00,-20.13892,-31.058666,0
2022-12-03T07:53:00.000+01:00,-20.10909,-31.062927,0
2022-12-03T07:54:00.000+01:00,-20.148865,-31.065058,0
2022-12-03T07:55:00.000+01:00,-20.16804,-31.074291,0
2022-12-03T07:56:00.000+01:00,-20.173012,-31.07358,0
2022-12-03T07:57:00.000+01:00,-20.203552,-31.073578,0
2022-12-03T07:58:00.000+01:00,-20.191479,-31.07358,0
2022-12-03T07:59:00.000+01:00,-20.183664,-31.079971,0
2022-12-03T08:00:00.000+01:00,-20.228409,-31.092754,0
2022-12-03T08:01:00.000+01:00,-20.236933,-31.10199,0
2022-12-03T08:02:00.000+01:00,-20.248295,-31.117613,0
2022-12-03T08:03:00.000+01:00,-20.26108,-31.130398,0
2022-12-03T08:04:00.000+01:00,-20.324291,-31.13608,0
2022-12-03T08:05:00.000+01:00,-20.251846,-31.132528,0
2022-12-03T08:06:00.000+01:00,-20.268892,-31.141762,0
2022-12-03T08:07:00.000+01:00,-20.32713,-31.153835,0
2022-12-03T08:08:00.000+01:00,-20.29162,-31.153835,0
2022-12-03T08:09:00.000+01:00,-20.334944,-31.16946,0
2022-12-03T08:10:00.000+01:00,-20.339203,-31.180115,0
2022-12-03T08:11:00.000+01:00,-20.378267,-31.192898,0
2022-12-03T08:12:00.000+01:00,-20.372585,-31.195028,0
2022-12-03T08:13:00.000+01:00,-20.39034,-31.209942,0
2022-12-03T08:14:00.000+01:00,-20.44574,-31.2277,0
2022-12-03T08:15:00.000+01:00,-20.440056,-31.240482,0
2022-12-03T08:16:00.000+01:00,-20.460653,-31.244034,0
2022-12-03T08:17:00.000+01:00,-20.48338,-31.256819,0
2022-12-03T08:18:00.000+01:00,-20.503977,-31.272444,0
2022-12-03T08:19:00.000+01:00,-20.50824,-31.281677,0
2022-12-03T08:20:00.000+01:00,-20.480541,-31.273865,0
2022-12-03T08:21:00.000+01:00,-20.491192,-31.274574,0
2022-12-03T08:22:00.000+01:00,-20.497585,-31.281675,0
2022-12-03T08:23:00.000+01:00,-20.532387,-31.288069,0
2022-12-03T08:24:00.000+01:00,-20.548012,-31.304403,0
2022-12-03T08:25:00.000+01:00,-20.537357,-31.293041,0
2022-12-03T08:26:00.000+01:00,-20.540909,-31.292328,0
2022-12-03T08:27:00.000+01:00,-20.505398,-31.289488,0
2022-12-03T08:28:00.000+01:00,-20.522444,-31.268892,0
2022-12-03T08:29:00.000+01:00,-20.51818,-31.268892,0
2022-12-03T08:30:00.000+01:00,-20.50895,-31.268892,0
2022-12-03T08:31:00.000+01:00,-20.57713,-31.285938,0
2022-12-03T08:32:00.000+01:00,-20.550854,-31.287357,0
2022-12-03T08:33:00.000+01:00,-20.574291,-31.312927,0
2022-12-03T08:34:00.000+01:00,-20.578552,-31.331392,0
2022-12-03T08:35:00.000+01:00,-20.613354,-31.336365,0
2022-12-03T08:36:00.000+01:00,-20.600567,-31.32713,0
2022-12-03T08:37:00.000+01:00,-20.593466,-31.332104,0
2022-12-03T08:38:00.000+01:00,-20.560795,-31.32713,0
2022-12-03T08:39:00.000+01:00,-20.548721,-31.33068,0
2022-12-03T08:40:00.000+01:00,-20.533806,-31.32571,0
2022-12-03T08:41:00.000+01:00,-20.556534,-31.32713,0
2022-12-03T08:42:00.000+01:00,-20.551563,-31.306534,0
2022-12-03T08:43:00.000+01:00,-20.57855,-31.316479,0
2022-12-03T08:44:00.000+01:00,-20.60128,-31.328552,0
2022-12-03T08:45:00.000+01:00,-20.624716,-31.343466,0
2022-12-03T08:46:00.000+01:00,-20.642471,-31.376846,0
2022-12-03T08:47:00.000+01:00,-20.704971,-31.407387,0
2022-12-03T08:48:00.000+01:00,-20.6723,-31.427273,0
2022-12-03T08:49:00.000+01:00,-20.684376,-31.42443,0
2022-12-03T08:50:00.000+01:00,-20.712074,-31.409517,0
2022-12-03T08:51:00.000+01:00,-20.712074,-31.410938,0
2022-12-03T08:52:00.000+01:00,-20.676563,-31.382528,0
2022-12-03T08:53:00.000+01:00,-20.616192,-31.370455,0
2022-12-03T08:54:00.000+01:00,-20.621164,-31.351278,0
2022-12-03T08:55:00.000+01:00,-20.591335,-31.33068,0
2022-12-03T08:56:00.000+01:00,-20.593466,-31.322868,0
2022-12-03T08:57:00.000+01:00,-20.550852,-31.317188,0
2022-12-03T08:58:00.000+01:00,-20.570028,-31.317188,0
2022-12-03T08:59:00.000+01:00,-20.545881,-31.311504,0
2022-12-03T09:00:00.000+01:00,-20.582813,-31.297302,0
2022-12-03T09:01:00.000+01:00,-20.506107,-31.273153,0
2022-12-03T09:02:00.000+01:00,-20.519604,-31.2625,0
2022-12-03T09:03:00.000+01:00,-20.494034,-31.264631,0
2022-12-03T09:04:00.000+01:00,-20.516052,-31.259659,0
2022-12-03T09:05:00.000+01:00,-20.496166,-31.255398,0
2022-12-03T09:06:00.000+01:00,-20.5125,-31.252556,0
2022-12-03T09:07:00.000+01:00,-20.489773,-31.2625,0
2022-12-03T09:08:00.000+01:00,-20.507528,-31.26179,0
2022-12-03T09:09:00.000+01:00,-20.48125,-31.274574,0
2022-12-03T09:10:00.000+01:00,-20.521023,-31.269604,0
2022-12-03T09:11:00.000+01:00,-20.491903,-31.275284,0
2022-12-03T09:12:00.000+01:00,-20.530968,-31.273865,0
2022-12-03T09:13:00.000+01:00,-20.565056,-31.282387,0
2022-12-03T09:14:00.000+01:00,-20.503979,-31.275284,0
2022-12-03T09:15:00.000+01:00,-20.54588,-31.273153,0
2022-12-03T09:16:00.000+01:00,-20.519602,-31.271732,0
2022-12-03T09:17:00.000+01:00,-20.48196,-31.26392,0
2022-12-03T09:18:00.000+01:00,-20.486221,-31.260368,0
2022-12-03T09:19:00.000+01:00,-20.48196,-31.259659,0
2022-12-03T09:20:00.000+01:00,-20.47699,-31.245455,0
2022-12-03T09:21:00.000+01:00,-20.457102,-31.261078,0
2022-12-03T09:22:00.000+01:00,-20.48267,-31.257528,0
2022-12-03T09:23:00.000+01:00,-20.471306,-31.25895,0
2022-12-03T09:24:00.000+01:00,-20.474148,-31.247585,0
2022-12-03T09:25:00.000+01:00,-20.436506,-31.251846,0
2022-12-03T09:26:00.000+01:00,-20.442188,-31.23693,0
2022-12-03T09:27:00.000+01:00,-20.445028,-31.239773,0
2022-12-03T09:28:00.000+01:00,-20.431534,-31.228409,0
2022-12-03T09:29:00.000+01:00,-20.389631,-31.214916,0
2022-12-03T09:30:00.000+01:00,-20.3875,-31.190767,0
2022-12-03T09:31:00.000+01:00,-20.32429,-31.187216,0
2022-12-03T09:32:00.000+01:00,-20.41946,-31.20284,0
2022-12-03T09:33:00.000+01:00,-20.364063,-31.170881,0
2022-12-03T09:34:00.000+01:00,-20.366905,-31.161648,1
2022-12-03T09:35:00.000+01:00,-20.378979,-31.105541,1
2022-12-03T09:36:00.000+01:00,-20.503267,-31.086365,1
2022-12-03T09:37:00.000+01:00,-20.368324,-31.045881,1
2022-12-03T09:38:00.000+01:00,-20.275993,-30.964916,1
2022-12-03T09:39:00.000+01:00,-20.308664,-30.923012,1
2022-12-03T09:40:00.000+01:00,-20.217754,-30.942898,1
2022-12-03T09:41:00.000+01:00,-20.176563,-31.031677,0
2022-12-03T09:42:00.000+01:00,-20.128267,-31.035229,0
2022-12-03T09:43:00.000+01:00,-20.155254,-31.0473,0
2022-12-03T09:44:00.000+01:00,-20.162357,-31.051563,0
2022-12-03T09:45:00.000+01:00,-20.003267,-30.974148,0
2022-12-03T09:46:00.000+01:00,-20.04446,-30.999006,0
2022-12-03T09:47:00.000+01:00,-20.178692,-31.003267,0
2022-12-03T09:48:00.000+01:00,-20.115482,-31.016052,0
2022-12-03T09:49:00.000+01:00,-20.182245,-31.055115,0
2022-12-03T09:50:00.000+01:00,-20.244743,-31.116903,0
2022-12-03T09:51:00.000+01:00,-20.236221,-31.13679,0
2022-12-03T09:52:00.000+01:00,-20.334944,-31.148153,0
2022-12-03T09:53:00.000+01:00,-20.288069,-31.1652,0
2022-12-03T09:54:00.000+01:00,-20.303692,-31.167328,0
2022-12-03T09:55:00.000+01:00,-20.36193,-31.192898,0
2022-12-03T09:56:00.000+01:00,-20.398155,-31.211365,0
2022-12-03T09:57:00.000+01:00,-20.405966,-31.23054,0
2022-12-03T09:58:00.000+01:00,-20.441477,-31.253265,0
2022-12-03T09:59:00.000+01:00,-20.435085,-31.260368,0
2022-12-03T10:00:00.000+01:00,-20.495455,-31.269602,0
2022-12-03T10:01:00.000+01:00,-20.445738,-31.285229,0
2022-12-03T10:02:00.000+01:00,-20.507528,-31.302273,0
2022-12-03T10:03:00.000+01:00,-20.479118,-31.315056,0
2022-12-03T10:04:00.000+01:00,-20.48125,-31.300852,0
2022-12-03T10:05:00.000+01:00,-20.408096,-31.277416,0
2022-12-03T10:06:00.000+01:00,-20.437218,-31.270313,0
2022-12-03T10:07:00.000+01:00,-20.38324,-31.249716,0
2022-12-03T10:08:00.000+01:00,-20.35767,-31.248295,0
2022-12-03T10:09:00.000+01:00,-20.371876,-31.240482,0
2022-12-03T10:10:00.000+01:00,-20.353409,-31.23409,0
2022-12-03T10:11:00.000+01:00,-20.302982,-31.221306,0
2022-12-03T10:12:00.000+01:00,-20.335653,-31.224857,0
2022-12-03T10:13:00.000+01:00,-20.381819,-31.23054,0
2022-12-03T10:14:00.000+01:00,-20.314346,-31.222017,0
2022-12-03T10:15:00.000+01:00,-20.353409,-31.223438,0
2022-12-03T10:16:00.000+01:00,-20.342045,-31.23267,0
2022-12-03T10:17:00.000+01:00,-20.380398,-31.23125,0
2022-12-03T10:18:00.000+01:00,-20.362642,-31.241903,0
2022-12-03T10:19:00.000+01:00,-20.364773,-31.242615,0
2022-12-03T10:20:00.000+01:00,-20.373295,-31.26108,0
2022-12-03T10:21:00.000+01:00,-20.425142,-31.270313,0
2022-12-03T10:22:00.000+01:00,-20.479118,-31.298721,0
2022-12-03T10:23:00.000+01:00,-20.443607,-31.306534,0
2022-12-03T10:24:00.000+01:00,-20.449291,-31.322868,0
2022-12-03T10:25:00.000+01:00,-20.519602,-31.344177,0
2022-12-03T10:26:00.000+01:00,-20.476278,-31.3527,0
2022-12-03T10:27:00.000+01:00,-20.594177,-31.392471,0
2022-12-03T10:28:00.000+01:00,-20.621876,-31.42159,0
2022-12-03T10:29:00.000+01:00,-20.636791,-31.457104,0
2022-12-03T10:30:00.000+01:00,-20.655966,-31.470596,0
2022-12-03T10:31:00.000+01:00,-20.70142,-31.490482,0
2022-12-03T10:32:00.000+01:00,-20.69929,-31.501137,0
2022-12-03T10:33:00.000+01:00,-20.752556,-31.50895,0
2022-12-03T10:34:00.000+01:00,-20.737642,-31.51818,0
2022-12-03T10:35:00.000+01:00,-20.75824,-31.529545,0
2022-12-03T10:36:00.000+01:00,-20.773155,-31.550142,0
2022-12-03T10:37:00.000+01:00,-20.628265,-31.536648,0
2022-12-03T10:38:00.000+01:00,-20.692188,-31.54517,0
2022-12-03T10:39:00.000+01:00,-20.687216,-31.528835,0
2022-12-03T10:40:00.000+01:00,-20.63892,-31.491192,0
2022-12-03T10:41:00.000+01:00,-20.60625,-31.47628,0
2022-12-03T10:42:00.000+01:00,-20.580683,-31.444319,0
2022-12-03T10:43:00.000+01:00,-20.522444,-31.432955,0
2022-12-03T10:44:00.000+01:00,-20.491194,-31.41733,0
2022-12-03T10:45:00.000+01:00,-20.45568,-31.407387,0
2022-12-03T10:46:00.000+01:00,-20.504688,-31.41449,0
2022-12-03T10:47:00.000+01:00,-20.478409,-31.395313,0
2022-12-03T10:48:00.000+01:00,-20.496164,-31.413778,0
2022-12-03T10:49:00.000+01:00,-20.516052,-31.425142,0
2022-12-03T10:50:00.000+01:00,-20.57074,-31.45213,0
2022-12-03T10:51:00.000+01:00,-20.562216,-31.475567,0
2022-12-03T10:52:00.000+01:00,-20.668276,-31.514395,0
2022-12-03T10:53:00.000+01:00,-20.691479,-31.541618,0
2022-12-03T10:54:00.000+01:00,-20.73693,-31.597017,0
2022-12-03T10:55:00.000+01:00,-20.784517,-31.619743,0
2022-12-03T10:56:00.000+01:00,-20.725567,-31.646023,0
2022-12-03T10:57:00.000+01:00,-20.791618,-31.659517,0
2022-12-03T10:58:00.000+01:00,-20.753267,-31.647444,0
2022-12-03T10:59:00.000+01:00,-20.771023,-31.618324,0
2022-12-03T11:00:00.000+01:00,-20.707813,-31.624716,0
2022-12-03T11:01:00.000+01:00,-20.735512,-31.655254,0
2022-12-03T11:02:00.000+01:00,-20.814346,-31.663067,0
2022-12-03T11:03:00.000+01:00,-20.839203,-31.67159,0
2022-12-03T11:04:00.000+01:00,-20.774574,-31.680824,0
2022-12-03T11:05:00.000+01:00,-20.83068,-31.681534,0
2022-12-03T11:06:00.000+01:00,-20.739773,-31.66946,0
2022-12-03T11:07:00.000+01:00,-20.685085,-31.63537,0
2022-12-03T11:08:00.000+01:00,-20.662357,-31.58068,0
2022-12-03T11:09:00.000+01:00,-20.628267,-31.572868,0
2022-12-03T11:10:00.000+01:00,-20.6027,-31.568607,0
2022-12-03T11:11:00.000+01:00,-20.611221,-31.57784,0
2022-12-03T11:12:00.000+01:00,-20.623295,-31.593466,0
2022-12-03T11:13:00.000+01:00,-20.6027,-31.579262,0
2022-12-03T11:14:00.000+01:00,-20.584232,-31.564346,0
2022-12-03T11:15:00.000+01:00,-20.47699,-31.530254,0
2022-12-03T11:16:00.000+01:00,-20.505398,-31.51534,0
2022-12-03T11:17:00.000+01:00,-20.454971,-31.491903,0
2022-12-03T11:18:00.000+01:00,-20.457104,-31.501846,0
2022-12-03T11:19:00.000+01:00,-20.431534,-31.502556,0
2022-12-03T11:20:00.000+01:00,-20.47983,-31.493324,0
2022-12-03T11:21:00.000+01:00,-20.418041,-31.495455,0
2022-12-03T11:22:00.000+01:00,-20.398865,-31.503977,0
2022-12-03T11:23:00.000+01:00,-20.537357,-31.51463,0
2022-12-03T11:24:00.000+01:00,-20.522442,-31.530966,0
2022-12-03T11:25:00.000+01:00,-20.567898,-31.557955,0
2022-12-03T11:26:00.000+01:00,-20.591335,-31.588493,0
2022-12-03T11:27:00.000+01:00,-20.54943,-31.565767,0
2022-12-03T11:28:00.000+01:00,-20.464205,-31.525993,0
2022-12-03T11:29:00.000+01:00,-20.470596,-31.50895,0
2022-12-03T11:30:00.000+01:00,-20.454262,-31.51037,0
2022-12-03T11:31:00.000+01:00,-20.472727,-31.509659,0
2022-12-03T11:32:00.000+01:00,-20.562216,-31.51534,0
2022-12-03T11:33:00.000+01:00,-20.556534,-31.534517,0
2022-12-03T11:34:00.000+01:00,-20.500427,-31.518183,0
2022-12-03T11:35:00.000+01:00,-20.509659,-31.535938,0
2022-12-03T11:36:00.000+01:00,-20.493324,-31.524574,0
2022-12-03T11:37:00.000+01:00,-20.537357,-31.536648,0
2022-12-03T11:38:00.000+01:00,-20.57642,-31.560085,0
2022-12-03T11:39:00.000+01:00,-20.593466,-31.586365,0
2022-12-03T11:40:00.000+01:00,-20.587784,-31.588493,0
2022-12-03T11:41:00.000+01:00,-20.587784,-31.577843,0
2022-12-03T11:42:00.000+01:00,-20.529545,-31.560085,0
2022-12-03T11:43:00.000+01:00,-20.559376,-31.543041,0
2022-12-03T11:44:00.000+01:00,-20.500427,-31.536648,0
2022-12-03T11:45:00.000+01:00,-20.558666,-31.54517,0
2022-12-03T11:46:00.000+01:00,-20.520313,-31.528126,0
2022-12-03T11:47:00.000+01:00,-20.51321,-31.523153,0
2022-12-03T11:48:00.000+01:00,-20.538069,-31.516762,0
2022-12-03T11:49:00.000+01:00,-20.454971,-31.504688,0
2022-12-03T11:50:00.000+01:00,-20.467754,-31.501137,0
2022-12-03T11:51:00.000+01:00,-20.509659,-31.501846,0
2022-12-03T11:52:00.000+01:00,-20.469887,-31.498295,0
2022-12-03T11:53:00.000+01:00,-20.526705,-31.51108,0
2022-12-03T11:54:00.000+01:00,,,0
2022-12-03T11:55:00.000+01:00,-20.474857,-31.491194,0
2022-12-03T11:56:00.000+01:00,-20.547302,-31.552982,0
2022-12-03T11:57:00.000+01:00,-20.561506,-31.566479,0
2022-12-03T11:58:00.000+01:00,-20.60909,-31.582102,0
2022-12-03T11:59:00.000+01:00,-20.586363,-31.582102,0
2022-12-03T12:00:00.000+01:00,-20.63892,-31.596308,0
2022-12-03T12:01:00.000+01:00,-20.654545,-31.610512,0
2022-12-03T12:02:00.000+01:00,-20.663069,-31.657387,0
2022-12-03T12:03:00.000+01:00,-20.760368,-31.697159,0
2022-12-03T12:04:00.000+01:00,-20.807243,-31.73693,0
2022-12-03T12:05:00.000+01:00,-20.783808,-31.76534,0
2022-12-03T12:06:00.000+01:00,-20.841335,-31.761791,0
2022-12-03T12:07:00.000+01:00,-20.79446,-31.740482,0
2022-12-03T12:08:00.000+01:00,-20.781677,-31.722729,0
2022-12-03T12:09:00.000+01:00,-20.705683,-31.708523,0
2022-12-03T12:10:00.000+01:00,-20.678694,-31.680824,0
2022-12-03T12:11:00.000+01:00,-20.707813,-31.66875,0
2022-12-03T12:12:00.000+01:00,-20.714205,-31.657387,0
2022-12-03T12:13:00.000+01:00,-20.655966,-31.644602,0
2022-12-03T12:14:00.000+01:00,-20.67443,-31.64318,0
2022-12-03T12:15:00.000+01:00,-20.652416,-31.648865,0
2022-12-03T12:16:00.000+01:00,-20.684376,-31.668041,0
2022-12-03T12:17:00.000+01:00,-20.680113,-31.678694,0
2022-12-03T12:18:00.000+01:00,-20.735512,-31.697868,0
2022-12-03T12:19:00.000+01:00,-20.681534,-31.67159,0
2022-12-03T12:20:00.000+01:00,-20.716335,-31.668041,0
2022-12-03T12:21:00.000+01:00,-20.721306,-31.67088,0
2022-12-03T12:22:00.000+01:00,-20.686506,-31.650993,0
2022-12-03T12:23:00.000+01:00,-20.592045,-31.614773,0
2022-12-03T12:24:00.000+01:00,,,0
2022-12-03T12:25:00.000+01:00,,,0
2022-12-03T12:26:00.000+01:00,,,0
2022-12-03T12:27:00.000+01:00,,,0
2022-12-03T12:28:00.000+01:00,,,0
2022-12-03T12:29:00.000+01:00,-20.562216,-31.530966,0
2022-12-03T12:30:00.000+01:00,-20.57145,-31.593466,0
2022-12-03T12:31:00.000+01:00,-20.569317,-31.554403,0
2022-12-03T12:32:00.000+01:00,-20.570028,-31.572868,0
2022-12-03T12:33:00.000+01:00,-20.528126,-31.533096,0
2022-12-03T12:34:00.000+01:00,-20.496876,-31.51463,0
2022-12-03T12:35:00.000+01:00,-20.480541,-31.502558,0
2022-12-03T12:36:00.000+01:00,-20.461365,-31.490482,0
2022-12-03T12:37:00.000+01:00,-20.473438,-31.47983,0
2022-12-03T12:38:00.000+01:00,-20.4152,-31.45142,0
2022-12-03T12:39:00.000+01:00,-20.429403,-31.45284,0
2022-12-03T12:40:00.000+01:00,-20.4152,-31.441479,0
2022-12-03T12:41:00.000+01:00,-20.390343,-31.423721,0
2022-12-03T12:42:00.000+01:00,-20.35625,-31.397442,0
2022-12-03T12:43:00.000+01:00,-20.315056,-31.398865,0
2022-12-03T12:44:00.000+01:00,-20.35199,-31.407387,0
2022-12-03T12:45:00.000+01:00,-20.358381,-31.398865,0
2022-12-03T12:46:00.000+01:00,-20.329262,-31.396023,0
2022-12-03T12:47:00.000+01:00,-20.360512,-31.403126,0
2022-12-03T12:48:00.000+01:00,-20.407387,-31.400993,0
2022-12-03T12:49:00.000+01:00,-20.315056,-31.396732,0
2022-12-03T12:50:00.000+01:00,-20.312927,-31.42017,0
2022-12-03T12:51:00.000+01:00,-20.371164,-31.4152,0
2022-12-03T12:52:00.000+01:00,-20.408096,-31.423012,0
2022-12-03T12:53:00.000+01:00,-20.344177,-31.413778,0
2022-12-03T12:54:00.000+01:00,-20.35483,-31.411648,0
2022-12-03T12:55:00.000+01:00,-20.369034,-31.420881,0
2022-12-03T12:56:00.000+01:00,-20.354828,-31.41733,0
2022-12-03T12:57:00.000+01:00,-20.338493,-31.399574,0
2022-12-03T12:58:00.000+01:00,-20.305824,-31.375427,0
2022-12-03T12:59:00.000+01:00,-20.2625,-31.363354,0
2022-12-03T13:00:00.000+01:00,-20.279545,-31.359802,0
2022-12-03T13:01:00.000+01:00,-20.305824,-31.367615,0
2022-12-03T13:02:00.000+01:00,-20.2902,-31.367615,0
2022-12-03T13:03:00.000+01:00,-20.310085,-31.367615,0
2022-12-03T13:04:00.000+01:00,-20.285938,-31.359802,0
2022-12-03T13:05:00.000+01:00,-20.32571,-31.361221,0
2022-12-03T13:06:00.000+01:00,-20.274574,-31.364773,0
2022-12-03T13:07:00.000+01:00,-20.322868,-31.376846,0
2022-12-03T13:08:00.000+01:00,-20.271732,-31.362642,0
2022-12-03T13:09:00.000+01:00,-20.312925,-31.364773,0
2022-12-03T13:10:00.000+01:00,-20.29375,-31.35483,0
2022-12-03T13:11:00.000+01:00,-20.266052,-31.364773,0
2022-12-03T13:12:00.000+01:00,-20.252556,-31.35199,0
2022-12-03T13:13:00.000+01:00,-20.26108,-31.350567,0
2022-12-03T13:14:00.000+01:00,-20.283806,-31.342754,0
2022-12-03T13:15:00.000+01:00,-20.212074,-31.363352,0
2022-12-03T13:16:00.000+01:00,-20.29446,-31.349148,0
2022-12-03T13:17:00.000+01:00,-20.241194,-31.362642,0
2022-12-03T13:18:00.000+01:00,-20.256107,-31.364063,0
2022-12-03T13:19:00.000+01:00,-20.305824,-31.371164,0
2022-12-03T13:20:00.000+01:00,-20.301563,-31.381817,0
2022-12-03T13:21:00.000+01:00,-20.310085,-31.389631,0
2022-12-03T13:22:00.000+01:00,-20.302273,-31.396732,0
2022-12-03T13:23:00.000+01:00,-20.337074,-31.400993,0
2022-12-03T13:24:00.000+01:00,-20.339205,-31.403835,0
2022-12-03T13:25:00.000+01:00,-20.369743,-31.394602,0
2022-12-03T13:26:00.000+01:00,-20.320028,-31.397442,0
2022-12-03T13:27:00.000+01:00,-20.342045,-31.376846,0
2022-12-03T13:28:00.000+01:00,-20.312218,-31.384659,0
2022-12-03T13:29:00.000+01:00,-20.275284,-31.374716,0
2022-12-03T13:30:00.000+01:00,-20.305824,-31.363354,0
2022-12-03T13:31:00.000+01:00,-20.279545,-31.353409,0
2022-12-03T13:32:00.000+01:00,-20.273865,-31.364773,0
2022-12-03T13:33:00.000+01:00,-20.317898,-31.362642,0
2022-12-03T13:34:00.000+01:00,-20.264631,-31.366192,0
2022-12-03T13:35:00.000+01:00,-20.244034,-31.360512,0
2022-12-03T13:36:00.000+01:00,-20.247585,-31.337784,0
2022-12-03T13:37:00.000+01:00,-20.240482,-31.337784,0
2022-12-03T13:38:00.000+01:00,-20.261791,-31.322159,0
2022-12-03T13:39:00.000+01:00,-20.267471,-31.313637,0
2022-12-03T13:40:00.000+01:00,-20.240482,-31.316479,0
2022-12-03T13:41:00.000+01:00,-20.26321,-31.32429,0
2022-12-03T13:42:00.000+01:00,-20.26534,-31.32145,0
2022-12-03T13:43:00.000+01:00,-20.277414,-31.329262,0
2022-12-03T13:44:00.000+01:00,-20.20284,-31.312927,0
2022-12-03T13:45:00.000+01:00,-20.192188,-31.309376,0
2022-12-03T13:46:00.000+01:00,-20.249004,-31.308666,0
2022-12-03T13:47:00.000+01:00,-20.23196,-31.307243,0
2022-12-03T13:48:00.000+01:00,-20.245455,-31.307955,0
2022-12-03T13:49:00.000+01:00,-20.212784,-31.312927,0
2022-12-03T13:50:00.000+01:00,-20.20071,-31.311504,0
2022-12-03T13:51:00.000+01:00,-20.202843,-31.319317,0
2022-12-03T13:52:00.000+01:00,-20.23054,-31.315765,0
2022-12-03T13:53:00.000+01:00,-20.245455,-31.32429,0
2022-12-03T13:54:00.000+01:00,-20.220596,-31.329262,0
2022-12-03T13:55:00.000+01:00,-20.217756,-31.32358,0
2022-12-03T13:56:00.000+01:00,-20.206392,-31.317898,0
2022-12-03T13:57:00.000+01:00,-20.190767,-31.303694,0
2022-12-03T13:58:00.000+01:00,-20.175142,-31.317188,0
2022-12-03T13:59:00.000+01:00,-20.23267,-31.320028,0
2022-12-03T14:00:00.000+01:00,-20.223438,-31.32642,0
2022-12-03T14:01:00.000+01:00,-20.218468,-31.338493,0
2022-12-03T14:02:00.000+01:00,-20.214916,-31.339205,0
2022-12-03T14:03:00.000+01:00,-20.219177,-31.344887,0
2022-12-03T14:04:00.000+01:00,-20.233381,-31.344887,0
2022-12-03T14:05:00.000+01:00,-20.274574,-31.353409,0
2022-12-03T14:06:00.000+01:00,-20.274574,-31.366192,0
2022-12-03T14:07:00.000+01:00,-20.244743,-31.38537,0
2022-12-03T14:08:00.000+01:00,-20.236221,-31.3875,0
2022-12-03T14:09:00.000+01:00,-20.303694,-31.408096,0
2022-12-03T14:10:00.000+01:00,-20.339205,-31.41946,0
2022-12-03T14:11:00.000+01:00,-20.369745,-31.44645,0
2022-12-03T14:12:00.000+01:00,-20.38395,-31.454971,0
2022-12-03T14:13:00.000+01:00,-20.365482,-31.459942,0
2022-12-03T14:14:00.000+01:00,-20.390343,-31.472017,0
2022-12-03T14:15:00.000+01:00,-20.428694,-31.466335,0
2022-12-03T14:16:00.000+01:00,-20.38608,-31.48196,0
2022-12-03T14:17:00.000+01:00,-20.447159,-31.464914,0
2022-12-03T14:18:00.000+01:00,-20.404545,-31.476278,0
2022-12-03T14:19:00.000+01:00,-20.324291,-31.45213,0
2022-12-03T14:20:00.000+01:00,-20.371164,-31.435795,0
2022-12-03T14:21:00.000+01:00,-20.354118,-31.447868,0
2022-12-03T14:22:00.000+01:00,-20.349148,-31.437218,0
2022-12-03T14:23:00.000+01:00,-20.32074,-31.418041,0
2022-12-03T14:24:00.000+01:00,-20.219177,-31.402414,0
2022-12-03T14:25:00.000+01:00,-20.303694,-31.38608,0
2022-12-03T14:26:00.000+01:00,-20.256819,-31.394602,0
2022-12-03T14:27:00.000+01:00,-20.244743,-31.38821,0
2022-12-03T14:28:00.000+01:00,-20.293041,-31.391052,0
2022-12-03T14:29:00.000+01:00,-20.314346,-31.413069,0
2022-12-03T14:30:00.000+01:00,-20.318607,-31.403126,0
2022-12-03T14:31:00.000+01:00,-20.266762,-31.389631,0
2022-12-03T14:32:00.000+01:00,-20.244743,-31.371166,0
2022-12-03T14:33:00.000+01:00,-20.220596,-31.3527,0
2022-12-03T14:34:00.000+01:00,-20.20142,-31.35483,0
2022-12-03T14:35:00.000+01:00,-20.23054,-31.342756,0
2022-12-03T14:36:00.000+01:00,-20.230541,-31.339916,0
2022-12-03T14:37:00.000+01:00,-20.16804,-31.336365,0
2022-12-03T14:38:00.000+01:00,-20.14105,-31.308666,0
2022-12-03T14:39:00.000+01:00,-20.16946,-31.302982,0
2022-12-03T14:40:00.000+01:00,-20.111221,-31.304403,0
2022-12-03T14:41:00.000+01:00,-20.146023,-31.29517,0
2022-12-03T14:42:00.000+01:00,-20.143892,-31.302982,0
2022-12-03T14:43:00.000+01:00,-20.150993,-31.302982,0
2022-12-03T14:44:00.000+01:00,-20.130398,-31.318607,0
2022-12-03T14:45:00.000+01:00,-20.159517,-31.302982,0
2022-12-03T14:46:00.000+01:00,-20.217045,-31.300142,0
2022-12-03T14:47:00.000+01:00,-20.16946,-31.311504,0
2022-12-03T14:48:00.000+01:00,-20.273865,-31.32642,0
2022-12-03T14:49:00.000+01:00,-20.29446,-31.290909,0
2022-12-03T14:50:00.000+01:00,-20.182243,-31.275284,0
2022-12-03T14:51:00.000+01:00,-20.226278,-31.26108,0
2022-12-03T14:52:00.000+01:00,-20.13324,-31.273863,0
2022-12-03T14:53:00.000+01:00,-20.094177,-31.29588,0
2022-12-03T14:54:00.000+01:00,-20.16946,-31.312927,0
2022-12-03T14:55:00.000+01:00,-20.195028,-31.307243,0
2022-12-03T14:56:00.000+01:00,-20.188637,-31.297302,0
2022-12-03T14:57:00.000+01:00,-20.212074,-31.307955,0
2022-12-03T14:58:00.000+01:00,-20.162357,-31.308664,0
2022-12-03T14:59:00.000+01:00,-20.216335,-31.316479,0
2022-12-03T15:00:00.000+01:00,-20.228409,-31.323578,0
2022-12-03T15:01:00.000+01:00,-20.173721,-31.322868,0
2022-12-03T15:02:00.000+01:00,-20.22699,-31.32074,0
2022-12-03T15:03:00.000+01:00,-20.179403,-31.329262,0
2022-12-03T15:04:00.000+01:00,-20.216335,-31.351278,0
2022-12-03T15:05:00.000+01:00,-20.302273,-31.351278,0
2022-12-03T15:06:00.000+01:00,-20.268892,-31.363352,0
2022-12-03T15:07:00.000+01:00,-20.305115,-31.378267,0
2022-12-03T15:08:00.000+01:00,-20.306534,-31.392471,0
2022-12-03T15:09:00.000+01:00,-20.361221,-31.413778,0
2022-12-03T15:10:00.000+01:00,-20.405966,-31.409517,0
2022-12-03T15:11:00.000+01:00,-20.368324,-31.38679,0
2022-12-03T15:12:00.000+01:00,-20.255398,-31.35696,0
2022-12-03T15:13:00.000+01:00,-20.317188,-31.314346,0
2022-12-03T15:14:00.000+01:00,-20.323578,-31.23693,0
2022-12-03T15:15:00.000+01:00,-20.314346,-31.097729,0
2022-12-03T15:16:00.000+01:00,-20.350567,-31.010368,0
2022-12-03T15:17:00.000+01:00,-20.270313,-30.942898,0
2022-12-03T15:18:00.000+01:00,-20.253267,-30.985512,0
2022-12-03T15:19:00.000+01:00,-20.250427,-30.923721,1
2022-12-03T15:20:00.000+01:00,-20.17159,-30.878979,1
2022-12-03T15:21:00.000+01:00,-19.996876,-30.773153,1
2022-12-03T15:22:00.000+01:00,-20.128977,-30.594177,1
2022-12-03T15:23:00.000+01:00,-20.129688,-30.659517,1
2022-12-03T15:24:00.000+01:00,-20.060085,-30.60199,1
2022-12-03T15:25:00.000+01:00,-20.146732,-30.621164,1
2022-12-03T15:26:00.000+01:00,-20.26037,-30.64034,1
2022-12-03T15:27:00.000+01:00,-20.16875,-30.630398,1
2022-12-03T15:28:00.000+01:00,-20.094887,-30.628979,1
2022-12-03T15:29:00.000+01:00,-20.105541,-30.712784,1
2022-12-03T15:30:00.000+01:00,-20.090626,-30.735512,1
2022-12-03T15:31:00.000+01:00,-20.084944,-30.76179,1
2022-12-03T15:32:00.000+01:00,-20.04446,-30.817188,1
2022-12-03T15:33:00.000+01:00,-19.956392,-30.869743,1
2022-12-03T15:34:00.000+01:00,-19.891762,-30.873295,0
2022-12-03T15:35:00.000+01:00,-20.002556,-30.866903,0
2022-12-03T15:36:00.000+01:00,-20.021732,-30.864773,0
2022-12-03T15:37:00.000+01:00,-20.025284,-30.867615,0
2022-12-03T15:38:00.000+01:00,-19.98196,-30.88537,0
2022-12-03T15:39:00.000+01:00,-20.089205,-30.891762,0
2022-12-03T15:40:00.000+01:00,-19.927273,-30.905966,0
2022-12-03T15:41:00.000+01:00,-20.0402,-30.900993,0
2022-12-03T15:42:00.000+01:00,-20.090626,-30.909517,0
2022-12-03T15:43:00.000+01:00,-19.959942,-30.922302,0
2022-12-03T15:44:00.000+01:00,-19.970596,-30.91875,0
2022-12-03T15:45:00.000+01:00,-20.028835,-30.920881,0
2022-12-03T15:46:00.000+01:00,-20.093466,-30.935795,0
2022-12-03T15:47:00.000+01:00,-20.033096,-30.937927,0
2022-12-03T15:48:00.000+01:00,-20.07784,-30.940056,0
2022-12-03T15:49:00.000+01:00,-20.025993,-30.938637,0
2022-12-03T15:50:00.000+01:00,-20.036648,-30.94574,0
2022-12-03T15:51:00.000+01:00,-20.03949,-30.947868,0
2022-12-03T15:52:00.000+01:00,-20.0402,-30.959942,0
2022-12-03T15:53:00.000+01:00,-20.027416,-30.964205,0
2022-12-03T15:54:00.000+01:00,-20.011791,-30.974148,0
2022-12-03T15:55:00.000+01:00,-20.072159,-31.001846,0
2022-12-03T15:56:00.000+01:00,-20.08068,-31.03949,0
2022-12-03T15:57:00.000+01:00,-20.148153,-31.068607,0
2022-12-03T15:58:00.000+01:00,-20.136078,-31.084232,0
